intent_id,intent
17,switch to dark theme
12,"group df by bhp, w_jb,ljdmvzjmxpwzsmffp and get min, sum of rujrchohxxzlsvi,zvi_uddqtzlqidp,epi"
7,show a bar plot with voki on x axis and sswdwtxar on y axis in tempdf
2,load data.csv
8,piechart of zirlzhunmo column in mydf grouped by ihgxkm_zq column
3,print 56 rows of df
16,list all files in current directory
2,load validation.csv in zzz
13,display a line plot of hhpxupkmufpmdaaj versus g_aratbap in tempdf
7,plot eocedlmoql and jmlyjxdocbwb of tempdf in a bar plot
4,plot histogram of czmxnfchpflkt column in tempdf
10,list columns of tempdf
12,"mean qs_rsmnaaxvtm, ilnnrjwrvsz, tzeag_ahnxog group by vdsojaquzpcn, cqhqj_mcz, vmkzqpkukcdzmozyzida from tempdf"
15,display a heatmap of doeysuadcctnpo on y axis and ptwpumopzntxl on x axis in mydf
4,plot histogram of hecsv_l in mydf
7,show a bar plot with mfliijlotzkwbws on x axis and ukae on y axis in tempdf
14,scatter plot of bzjudssvdqwfgnbvwqd and alhb in df
7,plot jzziesc and dfmjupjmiz columns of tempdf in a bar plot
17,switch to dark theme
7,barplot ijgoavqztza_il and zpynohlawgj columns of df
12,"group the df by nnopjwgdhekcrktuzkus,qjtecause and get average, max of ooxwhvnnqulghqfv"
7,plot qfhddbqv and a_iz columns of df in a bar plot
12,"maximum, count aglllnpqfyc_optooxj group by dxsenabbvbbjyp, off from df"
4,draw histogram of udcaqjtqjjrq column in tempdf
8,piechart of vmcvrojfqwxraid in tempdf grouped by xvfjwcrloxpgqeifgum
4,get histogram of ylvcxxvdjbiemwbfe in zzz
12,"max, min, average,minimum, sum rmojxrkpczckuwjutja,mphhswbe,zckfvkw group by wypoxkmnjaogwr from df"
9,install torch
6,get size of zzz
10,list all columns of mydf
9,install tensorflow
6,get size of zzz
9,install torch
8,piechart of vbusxfaebt_dhvkhh in mydf grouped by envdugtux_lk
13,display a line plot showing fdlmg on y-axis and mhsyaomsxb on x-axis from df
13,display a line plot showing xrvg vs hztx_cibatibjyvakht in mydf
8,pie chart of myzhfxhfokfbodwihmv of mydf coloured by mfu
17,switch to dark theme
4,plot histogram of unpqxmbhqugzxaaoen in df
8,piechart of ychognlpk_axejbmso column in tempdf grouped by lanltyiruefessul column
3,show 62 rows from mydf
10,list columns of df
3,show 37 rows from tempdf
12,"find min of nursdwzfjhdrehsa, jcdliahqzuwtec group by uvnukpc from df"
16,list all files in current directory
7,barplot bahdqruknmbywio and fhpnpmhxsdz_bsoyu columns of tempdf
4,get histogram of m_gwb in zzz
7,plot oipqwjc and ttxxtknxytuals columns of mydf in a bar plot
14,scatter plot of ctgvfpmdamix and tyxrcf in mydf
7,barplot bdqbczougahccflbnudg and j_fmryfwl columns of tempdf
8,piechart of bqnxjcsg_uyx column in df grouped by wuc column
16,list all files in current directory
3,print tempdf head
13,line plot of wyjulmdueic and fzvfy_a in df
8,piechart of dy_hzeacj column in df grouped by jnl column
15,show a heatmap with bnioq on x axis and cis on y axis in mydf
7,show a bar plot with bapb_gdiyuucdtu on y axis and ebmbhmgesxykm on x axis
6,get size of tempdf
12,"df group by nvrkckaod_yalj, waalcodfnqapetun avg by dqt"
16,list all files in current directory
13,line plot of okoqrehrxnu_bgtokqat and xkdzwkm in mydf
6,print mydf shape
3,show 67 rows from df
3,show 61 rows of mydf
2,load data.xls in mydf
7,show a bar plot with rusxokff on y axis and wqddwknj on x axis
10,list columns of df
3,print mydf head
12,"find average of jxxsutvmodunowdsu group by dp_wrpp,ynkxa from zzz"
8,pie chart of a_sglmsavo of tempdf coloured by thjyovsqpdxha
3,show 69 rows from df
12,"minimum xvxmtstzu group by kcsydpwytdbodqarpcn,exi, ofhqeexgmpwisdgu,jk_clrcqwmhoiyddobtym,ldqkxembduwkhz from mydf"
12,"group tempdf by tsmypecnyveoszf and get max of oxnoxfcwvomevuzel, oumlbqb"
7,plot gfejviifvcheqfal nvactzqpum of zzz in a bar plot
7,show a bar plot with sohaatsbwpsupfmyws on y axis and rbotusymoqqauosk on x axis
3,print tempdf head
15,heatmap of uufeje_vd and yexpzh in mydf
10,list columns of tempdf
14,show a scatter plot of vh_rquraawslnitlkbq over hsrmhoirqkqcmy_chmy in tempdf
13,display a line plot showing bzlv_hq vs hqbyfqwxucc in df
3,print 58 rows from mydf
13,display a line plot showing riediqmdlbzcmqiynxt on y-axis and rupufnn on x-axis from zzz
3,print 58 rows of tempdf
3,print df head
4,plot histogram of gviemk column in tempdf
7,bar plot r_hypzteolhgmkwp and vjvycuiimqupj in zzz
13,display a line plot showing xzsuxgwcg on y-axis and jigue on x-axis from zzz
7,plot nxlrl and wblgjbzqfvs_sxnufmlsn of mydf in a bar plot
12,group the mydf by inzuene_b and get avg of gqzkn
13,display a line plot showing fzxwsnqz_uvmmkxxoz vs rlayjkfyxhk in zzz
7,plot uehbbk r_hyqyvybigsw of zzz in a bar plot
13,display a line plot showing pou_hcezmzs vs tbyszpks_cpkmffkebyq in df
6,print shape of tempdf
7,bar plot ruddqd and lcbrbhtz column of mydf
12,"group tempdf by aryuoav_duzr and get avg,count, min, max, minimum of vghewpjvspmomrby,idvrc_q,qgvanxkn"
8,pie chart of ehnzyvhjrvudotphujnc of df coloured by irwwvxxurrqivt_bdxj
1,import all libraries
13,display a line plot of tfqa versus prxkqsxijrhczpdqc in tempdf
7,bar plot qkkunqrewz_h and oed_lxfhledsn column of mydf
8,pie chart of e_vzgpapz of df coloured by vhzbpmadsnqjan
1,import all libraries
15,heatmap of czbpbyrd_okll and cwtzbeccztcoamjnaw in mydf
3,show 90 rows from tempdf
12,"df group by kqovjoo, hjm average,mean by caasqpiepiwuqipy,mdebbahillnidwzveqv"
6,print shape of mydf
12,df group by tblcqetyvjb maximum by wjsmwqqev
7,show a bar plot with zsmkfjmwlsdhyersjnzz on x axis over ogjgaflxzaqw in zzz
12,"find avg,sum,maximum,count,count of uqpp,cqtpkain,uhdmgo_djjo, jmfr_rgsvuyt,gbxrh group by kadwjxbwn_k from tempdf"
8,piechart of dhaclxqgtekmj_nxxr column in zzz grouped by iljolgxaztopypmw_miin column
3,print 71 rows of mydf
6,print shape of df
7,plot arcmnzkfhl and gmj_tgsucgrvwtb of tempdf in a bar plot
14,scatter plot of usrkba_ykwl and hmb_vmbphuj in df
14,show a scatter plot of sihuwxxclr over hglkwgdpm in zzz
13,display a line plot of idgvv_gikzepgbeymlbyu versus qjoibfknuv in tempdf
13,display a line plot of ypbfchjkgaij versus ze_sxe in df
7,plot esoqwjssqxlolhf and icmjnp columns of mydf in a bar plot
7,show a bar plot with rp_vqfo on x axis over offojuxbtco in df
3,print 36 rows of zzz
8,pie chart of column dbdigdht in df grouped by column kmxmhcuembikfu
12,"group the zzz by nhubhhispdczdxsum,yyf, thvulehzhesumfrxzg and get mean of gqxuhtm_hilugzp, vdbt_gnvrwcltlxxlbhra, qutdqqmmgzijndr, wlpwsaxruczlkxibrpgg, qugkgfxjp"
7,plot clwamzqwiht veelmflukvtqjqa_qlni of mydf in a bar plot
7,plot msjgbvcqcvwhpczznok cjg_vkolkkonzuuwty of zzz in a bar plot
3,show 85 rows from mydf
3,print tempdf head
3,show 85 rows of mydf
10,list columns of zzz
13,line plot of qnjnygdqmvimuwl and niirp in zzz
3,print 69 rows from zzz
0,import numpy
13,display a line plot showing zpyuzgfwnzblpoil on y-axis and ervr on x-axis from df
7,show a bar plot with spngtobkavktq_rkgibwe on y axis and zuuwlraoizngjbskhdi on x axis
7,plot ynqtbjuy and gqiltxnjx columns of df in a bar plot
6,print tempdf shape
4,plot histogram of dsbfqgqu column in zzz
2,load train.csv in df
1,import all libraries
3,print 53 rows from tempdf
6,print df shape
0,import numpy
12,"df group by hptcrrtjgjnqtsabjh, bvynf_vqlajq max,average by fnrje"
16,list all files in current directory
5,get correlation matrix of zzz
8,pie chart of hmmzblpsase_jwf column of mydf grouped by vgbwgakcrwxjkqjcqa column
12,"df group by gagxpgsbxvwns,husnuhqbekv minimum, mean by vivlnliypubmfj"
6,get size of tempdf
13,display a line plot of raylfnzrk versus wrmiqumxojgcqvoyvqd_c in df
4,plot histogram of gdwnbrm column in mydf
14,scatter plot of sijoyogpndctjoylno and yeutgb in zzz
7,bar plot hptzssrynenycmekx and clvw column of df
9,install torch
9,install matplotlib
1,import all libraries
11,describe tempdf
7,bar plot jmcaxfrwurehfj and lzqbiypvbieropoh in tempdf
12,"group the df by ionwnmebjdbry,uwbxyspllj and get average of gbvanhk,cjlsfnnl"
13,line plot of axpxapfctphxyhfep and aloocszrhfovyqidkks in tempdf
17,switch to dark theme
3,show 24 rows from df
13,display a line plot showing zndivpdcmgbdkfkxvm vs yuwp_brfthsdjj in df
6,get size of df
11,describe mydf
12,"sum,minimum,mean,average vmogwp group by yvvvi_atbkkjblxmpmhii,xl_vmgoloaznxxdrkjse from mydf"
11,describe zzz
6,print tempdf shape
12,average doya_w group by asgbfxqeuczxi from zzz
8,piechart of lgvmw_xwsbswfjma in zzz grouped by mh_auf
5,get correlation matrix of zzz
13,line plot of ocnrikrt and apowrpdwk in zzz
7,plot ymtlgbyvnbhyr and l_rt columns of df in a bar plot
15,show a heatmap with gycymohimq_mdic on x axis and vvyirkcsaiuxpl on y axis in mydf
13,line plot of vqgg and ofjrvlrksyepuvfmlmoi in tempdf
4,plot histogram of nwmiopplelfjaqqf column in tempdf
15,display a heatmap of vlr_jqtpuysalsdxk on y axis and grdez on x axis in mydf
6,get size of mydf
13,display a line plot of ggwwinsmmzxay versus loqcl in mydf
4,get histogram of tshellbhyshypfv_ns in zzz
15,heatmap of x_hcinaek and cpjgdaia in mydf
4,get histogram of ygxpeisefzvyxkd in mydf
10,list all columns of tempdf
13,line plot of toa and wufufnazybwbopanrm in zzz
3,show 39 rows of mydf
6,get size of mydf
12,"mydf group by uxezvnnr, dusfvqibuxnkhpfai, bswh_dodafkoqlsfdlu, wcklulqr,rwkvsugzx_wqxrafdql maximum by cdjdt"
12,"group tempdf by rmxxdora, stffodknzmjdyer_cqhy and get maximum of fncpmtmvwbxtuiuexwj"
13,line plot of ecfzlx_fu and yaqxanzydgcv in df
14,scatter plot of vcjif_kfgrngdrvub and kim_m in tempdf
7,plot vtq_ohyteam and oqa columns of df in a bar plot
0,import seaborn
13,line plot of elxwshyjbeopsljuezi and zsfuniruiqjckclnqpa in tempdf
13,line plot of mzfpafgf and wllywxyhytdawukp_v in zzz
13,display a line plot showing rqcppkspcqidrhznrw vs zbeswsstn in tempdf
11,describe zzz
3,print zzz head
7,plot puxsxdc bifafexfpaabvfwurgh of df in a bar plot
6,print df shape
13,display a line plot showing iklspfmpzrrzmlrwaoo vs z_wbmxtkimvszoc in tempdf
1,import all libraries
4,draw histogram of rupnxnhzxkvqynj column in mydf
7,show a bar plot with pidoljseufimk on y axis and yh_cvfupo on x axis
7,plot ayiaacfznwol and knreyimdrxydw columns of mydf in a bar plot
12,"group tempdf by qeuqpnnivefkgoo and get average of rccbew_iz,z_gk"
12,"min, maximum wfurydv group by lroqhyulypshqvz, wiobfayq from tempdf"
7,show a bar plot with pumtlecwx on x axis over nninmftr in tempdf
8,pie chart of column utrikf in mydf grouped by column fbzswfpmjcvrpfngdih
14,scatter plot of jjiiaerw_birzn and eukdwttmkmlmvidwgj in tempdf
7,show a bar plot with gohzeqthcsgz on x axis and psm_ihdmjjfolrus on y axis in tempdf
13,display a line plot of udwandfiwgtbakhgr versus yoilpiwqmmrwkeftbal in zzz
9,install spacy
7,barplot wracbiljzhxhi and ijluvw columns of zzz
7,plot kahwqycjgmkfflyzwux nsjx_h of tempdf in a bar plot
2,load test.csv
4,get histogram of xhetgzatqf in df
2,load data.csv
8,pie chart of nyei_jkomihdn column of df grouped by sitj_gutdalyexrhc column
3,show 72 rows of zzz
7,barplot osds and vtxjqxzlscpfohjdby columns of zzz
4,plot histogram of wzwxbneoybyzoxv in tempdf
13,line plot of kudkl and ocud in tempdf
7,show a bar plot with ocyetydx on x axis over dkmi in zzz
3,show 30 rows from zzz
5,get correlation matrix of zzz
3,print 27 rows of tempdf
7,plot bfr and hrdcdmhqx of tempdf in a bar plot
13,display a line plot of iioqgqa_gqtmd versus rbzp in df
12,"mydf group by ym_s average,min by bppygogrmsqcjeb, bbiebeenpagcfdnp"
7,barplot eiiahjelgozyfwqt and wmxo columns of df
6,print mydf shape
3,print 55 rows of mydf
7,bar plot sfvjrnulwiwrubwreh and jhrgbycvfwv column of df
8,pie chart of unxjclqmgrsxzawljm_jb column of mydf grouped by ughiaelcrzum column
7,show a bar plot with pgnl on x axis and huqzmlbwspejkzq on y axis in mydf
10,list all columns of tempdf
7,show a bar plot with fpggl_vrkkgc on x axis over urgs in mydf
7,plot xik and xbkhisbqy of mydf in a bar plot
12,"group the df by cmverkjzfdmfxmxc,ude_gjgqabzvdxp,sgof, asbevn_lypa,fbqkndtpg and get min, min of feklklirjw"
13,display a line plot of pajvskmesh_gomwl versus mzf in tempdf
6,print tempdf shape
10,list columns of zzz
1,import all libraries
12,"group zzz by qn_paropjosd, bwgnztzu, qiaagljethl_cr,cioukvedena and get sum of nwdcbm,stmbt, f_mpoyj,lf_ynsxh"
6,print shape of mydf
2,load test.csv
14,scatter plot of a_yrh and ipau_aasuvset in mydf
7,plot armtbkhm and skfuiyynekncpqj columns of zzz in a bar plot
8,pie chart of cqmeechiibynlms of df coloured by ej_jmm
7,bar plot xtz and fcsp in tempdf
12,"group the mydf by twkhfkrbgmc and get sum, max,avg of fyjjxdgfng,ecmaemhsraaw"
12,"zzz group by czcypmybk,tztxhlvgkqqgixyslrk min by pdlxaywg, qekbiuwqqoygxrgmip"
2,load test.csv
10,list columns of tempdf
13,display a line plot showing yxsktzb on y-axis and oiukzkmoptdenrwil on x-axis from mydf
3,show 93 rows of mydf
8,pie chart of gifnajekzddephoxczh_q of mydf coloured by gmgtuga
8,pie chart of column k_jku in df grouped by column nlpbrumxehqzajartj_la
16,list all files in current directory
7,plot wnkgoj fgm of zzz in a bar plot
2,load train.json in df
3,print tempdf head
8,pie chart of tzbhkopopkrdejzuw_dp of tempdf coloured by wuetztyqqmntrhatlfgy
7,show a bar plot with isuagwiqpha_zxq on x axis over sjdbqijxk in mydf
15,heatmap of tmksofuoztktcetd and ywdcrxezcgihaymrvk in df
4,plot histogram of c_nvuzt column in tempdf
12,"minimum zrlskfijymwkbrkgrrs, oteiyd group by qppkhn from df"
5,get correlation matrix of mydf
12,"mean fwn,zwipifpr_tbay group by qwlua from mydf"
7,barplot wuzosl and qoinpjqicswodzxh_sjt columns of mydf
3,show 4 rows of mydf
0,import seaborn
4,draw histogram of flqffxcj_brjzncnj column in tempdf
12,"max jlbgzhwkgkwvq group by dfltmtivrtukjoevdbo,vzazcgiyqiycbcnnvu, usbhdpasdd,m_zwqjcea, xpyi from tempdf"
8,pie chart of mox_obzswwgoe of df coloured by gndiurrdpatocsgrajub
7,show a bar plot with zegqcfjypebl on y axis and nausmwpyls on x axis
9,install torch
7,bar plot ykykf_rrtsr and wtn_duaimlae column of df
9,install transformers
13,display a line plot showing bpjnvrkrhnylwiub on y-axis and cjmhnracyoiu on x-axis from df
15,heatmap of ewtxpzwqkutbh and dr_vm in tempdf
17,switch to dark theme
7,plot dozgqqtnul and axzpbpvgeliprioq of zzz in a bar plot
4,draw histogram of bnw_vjum column in mydf
8,pie chart of column tmundrfjx in mydf grouped by column gskvonsmxuydvmrlwgsv
7,bar plot pjhtakr and cyusl column of zzz
8,pie chart of column epaaxacswsrpejz in mydf grouped by column fl_ivaeesazyhodic
7,show a bar plot with twhsducgpijejdidr on x axis over twkfcwddkrrv_dzsazbbz in zzz
4,draw histogram of dooyxjexxexlvassa column in df
3,show 97 rows of mydf
7,bar plot k_ljfobkdfwv and dqilqqop column of df
4,plot histogram of tkovmwruqn column in zzz
3,show 37 rows of mydf
4,draw histogram of f_onie column in mydf
11,describe df
1,import all libraries
7,plot wxkzmxgyjjqfuotwt and lfytkpfair of zzz in a bar plot
3,print 96 rows of mydf
15,display a heatmap of gjfkt_zlz on y axis and wtdincibfawj_dsxbjes on x axis in df
8,piechart of wofmmx_oyintmq in tempdf grouped by phxzedtgegfq
13,display a line plot showing kamhgscpxgbrv_yriy on y-axis and qlxnfkdyxqifcfx_vuqki on x-axis from mydf
2,load train.csv in mydf
6,print df shape
12,"mydf group by iekqn, uyhs average by nwzk, jcpxpcjbcdgkmgz, mlopbd,hsfooqvqjptp_aianszko,ulhc"
8,pie chart of khfsqkfgzefwrho of mydf coloured by rzivmxephcfhqqxntz
7,show a bar plot with qwewwrxpfmuawnluifcx on x axis over orjul in zzz
7,plot pnnfvirgbk and dwm of mydf in a bar plot
7,barplot esrvrmpz and nzzgiqeaaivnwhszbyte columns of mydf
12,"group tempdf by ngxp,qwssoosowwlfgtadxt, iihzh, uxzgeqsdtagamsqsdf and get max, maximum, maximum, minimum,max of wjesqe,rqlnjeiebnl"
12,"find min, avg,sum, count,max of uexbulgobxqkoc group by qhwjqunb, vm_r, repenfxpvkzkvrfbeqx,rho_nn from mydf"
7,barplot vnd_cxjnamdgejskimm and kjkfd_dohjk columns of tempdf
12,"mydf group by tt_ojyc, brrcwfyjsrwufy avg by jjym"
7,plot dppzuxcufjriymk and nag_j of mydf in a bar plot
12,"average,average oxju group by bokkf_tzlbvxgzxegosli,uoj from df"
8,pie chart of column pvajoafytom in df grouped by column ux_duuw
3,print 20 rows from mydf
1,import all libraries
12,"zzz group by fdydqqrweszppjibxwcf mean,avg, maximum, max by vvwjhnpbdgdn"
15,heatmap of bflulxhmgtsmqptmt and yiridhjdimpfrubuv in tempdf
4,plot histogram of nwffkcejsqipqj column in tempdf
3,print df head
3,print 34 rows from df
3,print 68 rows of mydf
13,display a line plot showing z_ivbvevm vs jvm_sfjokm in tempdf
13,display a line plot of aveipx_vzoiynxvo versus rprpmaroncuwcgfwi in tempdf
14,scatter plot of pjnlbypnujmluhucx and pvlogo in zzz
15,show a heatmap with movufer on x axis and oiujhjamy on y axis in df
12,"minimum wf_ew, yindiy group by aolcnuhhtfdrj,htqdltcqkotibjqq from tempdf"
7,plot vxktmzwuvplhvtdg and mdjc_vpyvfefdshkap columns of mydf in a bar plot
13,display a line plot showing kojctkr vs tbedlqbydjzuam in mydf
13,display a line plot showing uanzxjldr on y-axis and ltjpwkaew_hqw on x-axis from zzz
8,piechart of msvpuxytrsbmgdzh in tempdf grouped by lhnjwmmeruikkpyavw
9,install seaborn
12,"group the tempdf by zzcjldwdobeefseld, hnbqtgf, aukvvgflweqibcau,ctafwobjsqgfcjxjswf and get maximum, avg of imsf, anufhbmompsa,ajttkemkl_vgjhia, mfrpxvascsoqjymshcf"
17,switch to dark theme
8,piechart of nczumlphjwfoyi in mydf grouped by a_esrn
12,"maximum, sum,sum,max tuhomnmdolmewle group by ssdawmh_tckqyolwkxoug from df"
15,heatmap of lqdn_angqzaxdbgjrd and booxwlnzjybsh in tempdf
7,bar plot ozmjbveei_pwrh and ehxfaksbqlcewgss in zzz
4,get histogram of prbp_afjndhwyryndqpw in tempdf
7,bar plot okivoxvrrv_nbq and fpmssywvzvhzdadmfbh in zzz
14,scatter plot of lsxocjeipdvzy_syvob and fuuzrm in mydf
14,scatter plot of puw_etlwrnnme and uzpkcnjdxxj in tempdf
2,load train.json in df
15,display a heatmap of lueadsmalxcq_clor on y axis and amfvorpfvzgctwwujuez on x axis in tempdf
3,print 69 rows of zzz
14,show a scatter plot of lehlljoaxgjzsdxesmic over cjlaajajdg in zzz
10,list columns of tempdf
13,display a line plot of szvtuywiegrwojees versus oqqaklpv in mydf
2,load validation.csv
6,print shape of df
7,plot stolqk and qdestnfcatdosngd columns of mydf in a bar plot
12,"group df by golgfunprcy and get maximum, max of ghigelbmhjehfozsbh"
12,"avg,mean xno_qaodwznzwxxqur group by nxq,mlqdxicryuddabfxqto, huy_hxndpfkmcvamanqnq from mydf"
3,print 53 rows from zzz
10,list all columns of zzz
11,describe mydf
11,describe tempdf
7,bar plot osqnkdrimukysxebyix and exzoskakckesfsxusgao column of tempdf
7,bar plot nbbeduybjec_ony and upzipgqxhxkne column of zzz
6,print zzz shape
13,line plot of urybpqnsjfh and swef in tempdf
1,import all libraries
17,switch to dark theme
2,load train.csv in df
17,switch to dark theme
10,list all columns of tempdf
7,plot dqimg and dalfwcalnle of zzz in a bar plot
7,bar plot xnlwjcrxwoxsewxe and cautt column of df
3,show 9 rows from df
3,print 33 rows from df
17,switch to dark theme
14,show a scatter plot of wddwryqigt_oqlfr over wrtqkzena in tempdf
13,line plot of usibe and olltfvurvnhnrtscxol in zzz
6,get size of zzz
1,import all libraries
5,get correlation matrix of tempdf
14,scatter plot of grktsktbwaagbzygpzx and beggovlpjmzicbthjis in df
12,"sum vyxhpwnuwgsvfyskc group by b_wbarycvpiz,mgtqnwuquszhycudj,lauzfjstumrxlzm_hg from zzz"
9,install matplotlib
3,show 32 rows of df
7,barplot cugwmjkib and tisrvyqkulcg_tvriboz columns of tempdf
3,show 58 rows of mydf
12,"count, sum, sum,average, mean ch_rtovssxbpo,xyjtk,chrmdtsnpohyiudvl, esskknnamxtip group by kbmofictv_p, nextydexnq from df"
7,plot xgvczwerojcjhe qbs of zzz in a bar plot
14,show a scatter plot of epalogjcfsk over hllxrivwjfrtibeeep in tempdf
7,bar plot brz and obbvousxckabsfe column of zzz
7,bar plot mgwnojdt and xkjamapkjqwjyig in tempdf
1,import all libraries
7,bar plot ofmmoqksdlcfuij and f_ypqsbfpwhxkniruby in tempdf
10,list all columns of zzz
12,"group the zzz by jhefdlfxbcrkmqpzyi, nugwanotqxab and get minimum of fzhtyhvljpaegnd"
12,"zzz group by sgcstuxnbkmgn,fab minimum,mean by zjxncxkkqcittlqzcvj, asg_qkxfrr,empglylptzns"
4,plot histogram of tkckhdxtwxv column in tempdf
12,"group zzz by syfeiqx,xcxitqewlpbu and get sum,avg, avg, maximum,maximum of jgjcgdzyil"
7,show a bar plot with bou on y axis and xrbypkpikgrhyj_urzjr on x axis
8,piechart of qbivapglvjrjhlvatkwd column in df grouped by otozvewxzwmlk column
15,heatmap of ejuwjkomq and giy in zzz
3,print 48 rows of df
7,barplot kvkbxonabmmboqmup and lnemzbjnfpuimvflvfgd columns of df
3,print df head
4,plot histogram of kgr_ljy column in tempdf
15,display a heatmap of rjohyylqzazjfmtbzxru on y axis and dxsfjuyqedtxkwz on x axis in zzz
16,list all files in current directory
7,show a bar plot with sldnfojx on y axis and huencjvooxbtzc on x axis
15,show a heatmap with mswvgbnaxgxm_eyeq on x axis and kcaazndw_mrqsmsf on y axis in zzz
0,import pandas
8,piechart of g_hqmpnhvnk column in zzz grouped by epexyadaba column
7,bar plot ialmyjitnxsm and zywyncfhbtm column of tempdf
5,get correlation matrix of tempdf
7,plot gaxirhzrslcrfjqhj and xbxarbyfeniztuvx of mydf in a bar plot
10,list columns of tempdf
12,"mydf group by kxy_pyykzfktklsuw, tnevtx, xahghmksgnrstal mean, mean by nbsqxo"
12,"group the tempdf by pdy, offuflxsmazzyoioje and get average of dzimu,mixzgtpa"
3,show 61 rows from tempdf
6,print shape of tempdf
5,get correlation matrix of mydf
8,piechart of hnspgibb in tempdf grouped by zmpyoozce_y
15,heatmap of eyjgjm and evfluomlyxxbbcbdvd in mydf
4,plot histogram of agoffzsuatuloluupu in zzz
7,show a bar plot with czdcod_dwcenqq on x axis over ssyhhleqfmouzlod in tempdf
13,display a line plot of azthqsgrbdvolf versus bog in zzz
13,display a line plot showing xvxwxlf_amkdj vs msgguto in mydf
8,pie chart of column ui_qgdz in tempdf grouped by column ilxo
8,piechart of ypeeolsdiopxyz_xylwef in zzz grouped by xylzfwetu
8,pie chart of qhnkymwebbvjnn_mnob of tempdf coloured by brnaerjcbvdf
14,show a scatter plot of pnvefnmyhsqemcflso over zqjerhwzhdjfil in mydf
3,print 58 rows from df
17,switch to dark theme
4,draw histogram of gpcpcyvshixtpciuuoi column in tempdf
2,load test.csv in mydf
1,import all libraries
8,pie chart of rniqlrawbgslput of zzz coloured by nemnzihbelgzseuzjn
4,get histogram of odbyvkmespzqumhsl in df
12,"group the df by skluyheccylcayajde and get minimum of jqgpmnbh,tup_jy"
10,list columns of mydf
9,install transformers
6,print df shape
12,"average, count onwhjbdzfycr, sahlukgnfixczbne group by qwksd, jsdufqfsyialqlaaqhrb from mydf"
8,pie chart of column bgethbayuiqzvictg in df grouped by column rjmbawevavfxv_bh
7,bar plot xkt_efdf and gfiwft_lmny column of tempdf
3,print df head
3,print 26 rows from tempdf
12,"df group by wszbkdudanskg maximum, avg by khogp, elnvxqaebswgzunpqz_p"
12,"group tempdf by upqbg,ajwe_ri, csh,tlnegrabmoftmzrjc,bieag and get max of xnbdwqozbxcmwue, akycxi"
7,show a bar plot with kf_sw on x axis and oplrheiatkxlstgtxffr on y axis in df
0,import transformers
7,plot qpxcvdfheaga_qlb and kfulvbkwg columns of df in a bar plot
8,pie chart of tlr column of tempdf grouped by bhevmfpkrghntsfskdfu column
13,display a line plot showing ngyfpi_ofp vs giatjkzv in mydf
14,show a scatter plot of tvewsustuiauyh over xfngjs in zzz
13,line plot of widdzjnyudznvinv and phjnnvqnkjhgziikcezh in df
13,display a line plot showing bdlfuezminlpzdjf on y-axis and yaoag on x-axis from zzz
15,show a heatmap with ygyaww_uecyf on x axis and cohvgtknboispmfhkw on y axis in tempdf
7,plot klghdokelgskgl axw of zzz in a bar plot
13,line plot of nzqgdillhvxmk and qiwixwdkbab in df
3,print zzz head
8,pie chart of column pjhboepconq in df grouped by column jgnjcfd
13,line plot of iqqttzmfywlnxtjddihd and kjwhldsnaxoxfvgnb_uh in tempdf
13,display a line plot showing uvxtuszyvrpuja_iyb on y-axis and hfiypg on x-axis from zzz
12,"max,minimum zmfrjc, dtfvckagam, ewjwipxfkqkh group by ajzbibgwgiv from mydf"
13,display a line plot showing oyyl on y-axis and lxlgccrms_kaxlbjufvk on x-axis from df
7,barplot vyouxxdfher and anfitkgum columns of zzz
8,pie chart of dxtyrqqw column of tempdf grouped by biooppwyzqrrgzg column
8,pie chart of uj_g of df coloured by wkis_iaf
12,"max nstei_fz,g_whh,nnbjldjbuhwxic,recs_bpi group by gp_c, dpoiuldscdhvfkveehwr from zzz"
8,piechart of fbybwdybtvlg in mydf grouped by ljwqzzowabysgrfjc
12,"maximum,avg, max slgisygczsvga, mdayrjennqjoowpbtu group by jcxjahy, mnugjdhgea from mydf"
6,print shape of tempdf
7,bar plot nboghwj_aptp and ajzbb column of df
8,pie chart of djvvqbzf of zzz coloured by lmzy
13,display a line plot showing rmql on y-axis and bxma on x-axis from zzz
3,print 30 rows from tempdf
8,pie chart of k_rqhccnf column of tempdf grouped by rr_jbdvpcjkok column
15,heatmap of bsqv and dajbprhxv in df
8,piechart of i_wu in tempdf grouped by irkhyafvqurdah
8,piechart of eihzqhzpbrxkfi column in df grouped by ryhmrdk_i column
8,pie chart of yaawwraxoe_zxiemcro of tempdf coloured by vvyurwqpdhqf
2,load data.xls
8,pie chart of column qzvwlorxhfg in tempdf grouped by column fwq_tnmlgcjjzokcsbbaw
15,display a heatmap of xmxu_xicuuc on y axis and tx_n on x axis in df
7,bar plot vyvnckatbwjiog and kdjpbuvlkvibrchz in zzz
4,plot histogram of exhfnmskvbkcdc_zr in tempdf
15,heatmap of kscqgwyfqrimzjsqs and guysiefpawwi in df
13,display a line plot showing pkbidez vs vnyutocnrunqvtgw in zzz
12,"group zzz by bjmvbyk and get max, avg, sum of wx_w, tiueexur"
4,plot histogram of onzwhqdctaqwraxhq in tempdf
8,piechart of jvlsjymyz in mydf grouped by lbtm_nyioqdmrtyhaxv
3,show 4 rows from tempdf
12,"minimum vjawkj_vpqddslj group by kjxircjhvevky, auymmsp from df"
7,plot hivbtlahjd fdga of mydf in a bar plot
4,plot histogram of vduntrtwtknqf column in zzz
10,list all columns of tempdf
16,list all files in current directory
3,print mydf head
2,load test.csv
7,plot j_vmlkzeofq and msw of zzz in a bar plot
13,display a line plot showing bcwjfr_shykqwqsbhba vs yeanwjtcthxn in tempdf
17,switch to dark theme
8,piechart of txonmknvl_cr in tempdf grouped by kzblvc
13,line plot of ftjbvmlajrr and wnctkaqdpnij_i in zzz
13,display a line plot of yenxmzejggehsusdzhck versus wywsmad_relkbk in tempdf
7,barplot r_sc and txfjcnfu columns of mydf
17,switch to dark theme
4,plot histogram of qc_umlms column in mydf
3,print tempdf head
1,import all libraries
4,get histogram of xdbegnrrstppcc in zzz
3,print 86 rows from tempdf
3,print 45 rows from zzz
8,piechart of uidsoeeichvcfpri column in df grouped by etggxsudpqfuexeu column
4,plot histogram of rshh_ekgovnulcm in tempdf
13,display a line plot of gagkiqksdmcsrxdxh versus ufgsqosnhgpir in tempdf
7,show a bar plot with osmppq_lhcwlvd on y axis and jcbisgl_eplshq on x axis
10,list all columns of df
4,get histogram of srkboku in tempdf
7,show a bar plot with fhszn on x axis over bjrdyckogtopjpglqo in mydf
7,show a bar plot with lc_e on x axis and eoxmuph_vkeft on y axis in tempdf
6,print shape of mydf
7,show a bar plot with xgwuzapviudnud on y axis and pqk on x axis
16,list all files in current directory
3,show 100 rows of mydf
3,print 99 rows from zzz
13,display a line plot showing rkyzmtjq vs gralhitrkwpdth_sqq in mydf
5,get correlation matrix of mydf
8,pie chart of pxthqemjijpefhxin of tempdf coloured by kyydzb
2,load validation.csv in tempdf
7,barplot etpivylcodp and ebgmekefih columns of zzz
7,bar plot vjqmdhwmlshomnxkyvny and sg_bpmgqscw in tempdf
13,line plot of vnfgrwldpsaxrvcrbg and pdxtkqkxuo in df
7,plot wlaphpai and rzkd columns of mydf in a bar plot
4,draw histogram of wytwvxqtiqyipkqydpjj column in mydf
10,list columns of zzz
12,"group zzz by jnnrsoafvrhgbsbezl and get minimum,count,count, minimum, avg of jllhifoapcxu, tgsczmxiwemru"
14,show a scatter plot of jyz over cylbagwlr in mydf
12,"sum lmsdsondnkccmsgd_h, avqxm group by cmdvqhjikdsuyrlfy, rgvmzdffbll from tempdf"
12,"group zzz by jifbcisarzhsuhsr, cvpvwsqnrasiz and get avg,count,mean, sum, sum of lmxtyrojlqguqtwvoik"
13,display a line plot showing lnegot_efkjubjci vs afnum_ppljrzzfbtkpv in mydf
6,print zzz shape
12,"max, maximum,min gdlfkrusriejwjeesr, wgdxytujf group by ppshhf from mydf"
7,bar plot cc_dfvwb and iiiznafqmlcpkpmfv column of zzz
11,describe mydf
8,pie chart of column udsepotcmicluqila in zzz grouped by column o_xymqtblajetb
17,switch to dark theme
8,piechart of sbgw_kpg in df grouped by zdv
5,get correlation matrix of df
4,plot histogram of vebakeker in zzz
12,"df group by dxmtnogqrnsdpr avg by bygl, bsfkoucofbvnwk"
12,"find min, max of hkdsoqbs_a,dmu_qgi group by whxk_meyagwgfonpzhq,koghrd_jphykcnaqa from mydf"
5,get correlation matrix of mydf
15,display a heatmap of lxdsshpjxqaae_uthxgan on y axis and szapstcd on x axis in mydf
16,list all files in current directory
10,list columns of tempdf
7,plot nccsrgkdmgaotfcz and epdevkiizlsxhalb of tempdf in a bar plot
13,display a line plot showing jb_cqkkscbfubbd on y-axis and mhwgmxzh on x-axis from zzz
13,display a line plot showing kalub vs fpvsu in zzz
12,"max yfrd_wgr,byffapuxv, k_rvhejozq, vyhceniwyufu, xprjdkm group by itxjqc from mydf"
7,bar plot weoln and fjj column of zzz
12,"group the mydf by yzgrszpvtsqxyk_mkwnzb and get maximum, mean of syvmil, rgw_yykvqhiovih, xopxevujk"
7,barplot tqifshqzr_soiptsulroq and ftkpt_xzxjaobzhjjjfiz columns of df
1,import all libraries
10,list columns of df
8,pie chart of rnqwoqir_cm column of mydf grouped by tmvnmlrgkiaffefvdfvc column
6,print mydf shape
7,barplot yffqc_u and itgtbu columns of df
12,"df group by uwwjlftjkevikqe,crhx_cxhrbujxrrnahp minimum, count, count by ttzojr"
8,piechart of jvccyfuyfbvmudd column in tempdf grouped by zvmh_invvjtpdjpmoyi column
2,load train.json
14,scatter plot of qudwrkn and xadrtiumcip in df
7,plot twxjporkj nw_x of mydf in a bar plot
8,pie chart of lomsdnsxhjwmfglaet of tempdf coloured by dgyni_oqfgblyjy
12,"mean,maximum kzlpnabwluargpmv group by b_ufsafhtdax from tempdf"
12,"find mean,minimum,maximum,maximum, max of mudztoabvzu,bwzguno_jy group by knzeddrjnabzuilygh,hwvorpnhxvinxwuuu_dms from df"
12,"avg, sum,average,average, maximum epf group by zzxiikge from zzz"
6,print df shape
9,install torch
10,list all columns of df
12,"mydf group by dhqkniikjgnmjh sum,max by zij_av,bfbq"
3,print 87 rows of zzz
12,"group zzz by cr_dtiye,tvcujyusdxozdikr and get avg,maximum,mean of wfplmnnyylhaaeucxt,ijxgeaghpogizlq,rkmnxt, rheo"
7,show a bar plot with j_zwzjkozx on y axis and lyagxygjzoblwozbmh on x axis
7,plot nion_fefnk pfpviahjeaebeagpn of df in a bar plot
7,plot eqncwvmseweimnzdor gddkhqhunui_hsyq of mydf in a bar plot
7,plot lzyzlqnisukbyi and kkkupwxr_ojmvj columns of tempdf in a bar plot
8,piechart of dejbcpd in mydf grouped by jqcjphcilqxbbbf
7,show a bar plot with opicqggnnt on x axis over u_ksk in df
7,bar plot k_ndor and hwznkaruyijwrybz column of df
7,plot giwpfmbe_yxbngefq and gxtdoxclgia columns of zzz in a bar plot
7,plot mjphksvvd and lozqxxcfmezjjwgnvqgl columns of df in a bar plot
8,pie chart of column p_ky in tempdf grouped by column ynpaqxbfhctsevhytzug
6,print shape of zzz
8,pie chart of gmaptfrzhc column of df grouped by dmllqxpzyj column
7,bar plot zuny and f_bjiapcbmzirkttjsuo in tempdf
13,line plot of fktqjuxzxwvnip and ptsabhgrhgufzteztyp in tempdf
3,show 64 rows of df
12,"min ro_uvqcgazfuz group by bhktqwjfmrivgg_luelx,suabmum,hdpi from mydf"
7,show a bar plot with lxenhjlkkiqnku on x axis and iwhjqo on y axis in zzz
13,display a line plot of efayygctwtia versus ktglinmihwqrld in mydf
7,plot imtwkchzhzohq and hoeocdhpaufahvb columns of df in a bar plot
16,list all files in current directory
7,show a bar plot with jljcveckmczzirpg_gyg on y axis and tdtuv on x axis
13,display a line plot showing jdtoqa_z vs azc_tlbsudsfhjff in zzz
9,install pandas
15,heatmap of mjgdrhprkjjy and zqk in tempdf
8,piechart of iwqqksm_brtc column in mydf grouped by rpfgickhyteszcjzyah column
8,pie chart of vqgglse column of mydf grouped by tufwmkd column
13,display a line plot of yphqsdxuotzhpwznaoxx versus nmeqgctzuu in tempdf
8,pie chart of column amlvpwemiy in zzz grouped by column iatjc_cyflvaxu
15,display a heatmap of vosltboyev_ycuq on y axis and houteqtmbfyxr on x axis in df
8,pie chart of column nouq_eyo in tempdf grouped by column egu
8,pie chart of column sekksuxtd in tempdf grouped by column cjj_czvkcar
15,display a heatmap of sh_gy on y axis and nhsnwwfpzansjecynic on x axis in tempdf
3,show 58 rows of mydf
3,show 9 rows of tempdf
16,list all files in current directory
9,install spacy
2,load test.csv in mydf
8,pie chart of p_pdfujmh column of tempdf grouped by onqg_vestgp column
3,print 19 rows from df
17,switch to dark theme
12,"find average, count,maximum of fizckdzemaxqiikvflui,vicyjyejiskxksnpu,utzmgzncnlay group by c_sv from df"
12,find mean of cpicsmmzzjfkarzx group by ldh_ylvi from df
6,get size of mydf
13,display a line plot of wimqpniguaezcrxqln versus euwxtdvl_fwo in df
15,show a heatmap with amsimniflueibmp on x axis and stmpxxsntd on y axis in tempdf
3,print zzz head
4,draw histogram of dsboss column in zzz
3,show 88 rows from mydf
6,get size of tempdf
13,display a line plot showing dprm_ftknuzd on y-axis and tstlbczskiteqcqazd on x-axis from tempdf
16,list all files in current directory
9,install seaborn
4,plot histogram of piqllaujfwzs in tempdf
13,display a line plot showing tngqklrxavhyjt vs b_oukps in mydf
4,draw histogram of yrmzcjihyoi_c column in df
8,piechart of so_dtk column in tempdf grouped by jgyo column
8,pie chart of qeuagd column of zzz grouped by ryzn_vuid column
10,list columns of mydf
7,bar plot kuu and tefd_houqdhezggfuwtzp column of df
3,show 24 rows of mydf
17,switch to dark theme
7,barplot qrcj_y and gkdxzjxlklo columns of zzz
7,barplot smhnkuwsaxexjtaypoe and ymgzrefumhqfu columns of zzz
3,show 61 rows from df
14,scatter plot of jx_ykcf and u_wc in zzz
7,show a bar plot with gqbajhbdwmzvbbvc on x axis over hbbwpj in df
5,get correlation matrix of mydf
4,plot histogram of csskmwhcntfwx in mydf
4,plot histogram of glwnyu_bceafqyzxa in df
10,list all columns of df
17,switch to dark theme
12,"find avg,minimum of qlfrtsdel group by oaeoppbdkmzalh from tempdf"
15,display a heatmap of cuushe_etjtuu on y axis and afqrmu on x axis in df
17,switch to dark theme
7,plot wqpccdq_vwpwql and mjplehgxeszwodb columns of tempdf in a bar plot
7,show a bar plot with tpdsylr on x axis over chlhefgugdpp in df
15,heatmap of b_vs and ozrz in tempdf
10,list columns of df
16,list all files in current directory
2,load validation.csv in tempdf
12,"find average, minimum of tvkkh_vvbqw,dxaasi group by qceovvckydzovvvz,gunw_vqyeecwgstamfq from df"
12,avg hvhnyqgyqyzc group by zwagymekrecvf from mydf
2,load train.json in mydf
6,print shape of df
2,load data.xls in tempdf
13,line plot of ipv_v and ollzujpdpjfrdzjctnyt in mydf
6,get size of zzz
9,install numpy
16,list all files in current directory
7,plot fvlgp mfqh_hdhc of tempdf in a bar plot
8,pie chart of yulzskykcwgagkjemtlp column of tempdf grouped by uonsggqlavsrcs column
10,list columns of tempdf
6,print shape of tempdf
12,"count jilxrbpmdlh group by ilfgcjhpzyjfnuywf,klifkcuaytdormp, fmtjtmjrqoag from zzz"
12,"min jgknlc_yufvl,xidqerhjyzejbnaw group by cyqaediuhsya from zzz"
8,piechart of vglhtpxcdjrtmlquq in zzz grouped by xinqqvqkkm
11,describe df
7,bar plot svvpnxqbrcmlf and wqrrxc in zzz
7,plot qttnvhgxnbhcmxcquqbx and ocrwwbpizb of tempdf in a bar plot
3,print 43 rows of mydf
9,install transformers
11,describe tempdf
14,show a scatter plot of iubhhnmtwjytbx over qcziigan in tempdf
11,describe mydf
17,switch to dark theme
6,print shape of tempdf
9,install numpy
7,plot fzdnylaltmfjpgthpq and eshhvdssxxm_jxmx columns of zzz in a bar plot
13,display a line plot of tmffpmpsecvaxjdn versus tvgyraqbqyzuvtazhs in zzz
8,piechart of qlhxzexibkpjslqrdpgm column in tempdf grouped by uqkegwlquhsm column
4,plot histogram of ariutxputye column in tempdf
8,pie chart of lgvoolfb column of mydf grouped by fompcephtxksfvhso column
1,import all libraries
14,scatter plot of ibw and nxwibq_l in df
3,print df head
7,show a bar plot with osdhgimrx on y axis and ouvpklnukwpzh_bnyaa on x axis
13,display a line plot showing qbiiycybwd vs vjcenxsgt in mydf
13,line plot of otcttorty and rcoggqiklwrjvvrrmo in zzz
9,install pandas
13,display a line plot showing hzmvqcnxvewayuyifdv on y-axis and zivzcbrgecyglpxk on x-axis from tempdf
7,bar plot dgvbodchfueks and skxn_pr column of tempdf
13,line plot of sxodpnrhizphog and zinl in mydf
15,show a heatmap with oqbqikrgqekllwxjsb on x axis and cjb on y axis in zzz
13,display a line plot showing iybeqlpso on y-axis and zjktcdimzjmgjtkfk on x-axis from df
5,get correlation matrix of mydf
4,get histogram of jx_lvxayjhfudf in df
5,get correlation matrix of zzz
3,print mydf head
8,piechart of qhfx_ogqsu in zzz grouped by isezc_d
6,print df shape
4,plot histogram of vgakumjnzwauggrdeook in zzz
5,get correlation matrix of zzz
1,import all libraries
6,print shape of df
8,piechart of khulfbcpajjiyhbjk column in tempdf grouped by cunr column
9,install seaborn
8,pie chart of column k_dijrqqukpcupvadrqqr in mydf grouped by column imw
17,switch to dark theme
9,install spacy
17,switch to dark theme
3,show 52 rows of mydf
14,scatter plot of ufmwreslfpq_r and ynxhca in tempdf
12,"max auqvsbkrwwateabyje,gmpgyki group by vkruoyalmlbuemk, dfi_s,cngf_i, oqsvapr,t_bqqrkdtyq from tempdf"
12,"group tempdf by ejwwimaatd_exmykgk,vlxcswvkybuwba and get min of bgp"
12,"mydf group by naizsvubvvaalo,cffsfxqgha_ls sum by lnvcwacbwroyzjrse, cxi_lebufh"
12,"group df by ddhtbmxrbvzcylu and get count,count,count of xbjhgpqal, lyjvylqjpkmuwuh"
2,load test.csv in df
1,import all libraries
10,list all columns of tempdf
6,get size of tempdf
13,line plot of ulyaclmpusanncy_nqa and tqbrhuclufkwigfnjwsp in df
2,load validation.csv in tempdf
6,print mydf shape
12,"avg awxvzqwlfkwwdpvu,qecuvinsyvucyh, nnxjciibkggqzenu group by nluwzuld_kpbmxzgxhcj, mct_zlvmagbtdxb from zzz"
4,plot histogram of yhqddefk_ujqpppyjd in df
7,bar plot plxbjhrnlrdxznbetz_r and evaxudsqbukai in df
8,pie chart of sajgievlnuy of zzz coloured by iiapdvzipfrsbcaikuxe
15,display a heatmap of zvqggfwk on y axis and hlnijusrqiqv on x axis in tempdf
2,load validation.csv
12,"mean,mean,average,avg,mean kmeij, iaomfcdsthih group by mhn_djirkhrqpztgq,mtbg from tempdf"
16,list all files in current directory
17,switch to dark theme
3,print 31 rows from mydf
14,show a scatter plot of rgjlkpuyehxrkqz over kxnwbwkhum_mcvgfps in mydf
5,get correlation matrix of tempdf
1,import all libraries
4,draw histogram of sqgxhispoy column in zzz
7,bar plot rfmybgedcrdznxpyrq and ahjwahxwc in df
4,plot histogram of kcnh column in zzz
17,switch to dark theme
3,show 23 rows from df
15,show a heatmap with cbaabzgpd on x axis and fwfhfgjg on y axis in df
4,draw histogram of xhxu column in zzz
7,bar plot rfhlrmktmnrxt and ahnzjzxjxgkac in tempdf
4,plot histogram of zujfkg_sri column in tempdf
10,list columns of mydf
3,show 31 rows of mydf
6,print shape of mydf
6,get size of zzz
8,pie chart of column gkiqobehisuw_y in mydf grouped by column dkekvhekvysrkmvoxn
5,get correlation matrix of mydf
8,pie chart of column bkewfcaewpu in tempdf grouped by column rrpcopxmwt
13,display a line plot showing jyzhwxxdmoxvf_t vs lsmjxlw in zzz
13,display a line plot showing cjrfuwt on y-axis and mawghlxwtqsmwip on x-axis from tempdf
14,scatter plot of rtwrptkdfubhmk and trpuj in tempdf
8,pie chart of column qtafmjxdz in tempdf grouped by column psl_hmovptw
15,show a heatmap with bgvjpkcagcoe_fgauk on x axis and gaxhvdnv on y axis in tempdf
15,display a heatmap of wepiitmpallyqjqu_nnd on y axis and ddhzaqz_zbxrklclzk on x axis in df
8,pie chart of r_ldrow column of mydf grouped by nqbxdvyizhzjza column
9,install pandas
0,import tensorflow
12,"group the zzz by xxhms_wsyy and get maximum,mean of mygzxutkimgadz, njouh_o"
3,print 68 rows from df
8,pie chart of zxq of mydf coloured by ddnydlhhmcyhgrpnw
4,plot histogram of awil in tempdf
13,line plot of jpickj_wht and bqcnpbvimhwkmoto in df
15,display a heatmap of aklnebiqczrmezbvhm on y axis and fuc_ybjvp on x axis in tempdf
4,plot histogram of psepvchjppakpgc column in mydf
17,switch to dark theme
8,pie chart of column wyopumq in df grouped by column kwjbvazptdvnphseea
15,heatmap of tmi and zdjiupuy_veas in tempdf
7,show a bar plot with xorslqfnwlisylmaj on x axis over diocoxnh_ueppbjprbzk in tempdf
6,print shape of tempdf
3,show 43 rows of tempdf
16,list all files in current directory
12,"df group by cagnrivyofr,zyxriggqeykyf_yht sum by bvzkkakcbrbfu,deblb"
7,plot cfjowlguzlx_vy oclsroqslznaqusrwq of df in a bar plot
12,group df by zyswpholkfnb and get max of hvthmj
7,plot bgjwdj and mcoobqyejae columns of df in a bar plot
13,display a line plot of rvdnkwtwa_bx versus gbz_q in df
7,show a bar plot with bnwjfld on y axis and fiyugt on x axis
3,print 3 rows from tempdf
7,show a bar plot with lojsxgqpzswqczfuk on x axis over xxjq in tempdf
14,show a scatter plot of yzsemqjyd over wjcvnheckn in tempdf
6,get size of mydf
15,heatmap of rtycxbuxbobdnhqdi and dzuapvt_ghhbqogpe in mydf
15,heatmap of xhizyrgggshoste and ndzmkhbycrfhqyfdvpxl in zzz
3,print df head
7,show a bar plot with jfjlfwjanueshra on x axis and ohuof on y axis in df
12,"tempdf group by dmaias minimum,avg, sum by czr_zrny,tsdprwuoukljlskkabt"
3,show 34 rows of df
3,show 64 rows of zzz
6,get size of zzz
17,switch to dark theme
7,bar plot cljncbxpiteipcky and rphcm in zzz
0,import plotly
1,import all libraries
12,"min,sum, average,maximum wndylfltzshalheabrt, c_kmb group by txjxxmgukz from mydf"
8,piechart of lkxupisvsrui in mydf grouped by rmvfhoxpmhzj
7,show a bar plot with jnle_m on x axis over xmd in mydf
7,show a bar plot with zawped on x axis over j_xwrmzgxjuymrgjdf in tempdf
8,pie chart of ewpefjlfn_hzqhoqhsmr column of tempdf grouped by ioqkzyfjaobxzxlrqo column
6,print shape of zzz
8,pie chart of rcvknshvqcslqvbwdz column of tempdf grouped by wbtkneqqlrcvyolp column
7,barplot bcmfcixvoyvu_guseso and n_zwijveyooaoc columns of zzz
7,plot siworsswgfdrftzdepoc and pwkdswlqrzbaxmaqvqmm columns of zzz in a bar plot
7,show a bar plot with cgkhkvbxzmuphomme on x axis over wbcaxpcjnql_emwnewweh in mydf
12,"group the df by zhwyaapepsqkpkq, zyxouyulbyfai and get count of zzgeeefkmepaa"
6,get size of zzz
13,display a line plot showing akvprj vs zkpxeylqymohdmhrxyk in mydf
7,bar plot ixsryzalx and vhotnpufebibqciye column of df
8,piechart of dujivtnzqmhbyfu column in df grouped by prplcc_xddj column
2,load validation.csv
13,display a line plot of phnsmyrc_fchhjbw versus dgqcukjvxhdw in zzz
15,display a heatmap of ixlwpcjcvpgza on y axis and ean_pcs on x axis in mydf
2,load train.csv in tempdf
3,show 3 rows from mydf
7,show a bar plot with bcrpqcfmo on x axis and atfrwhfzsmckzl on y axis in mydf
7,show a bar plot with bqgs on x axis and biseca on y axis in df
4,plot histogram of aiv_wpg in tempdf
1,import all libraries
12,"find sum of sir_htee,zbhnsbxhkjjpcmk, rypjwiskelckfyycfm,kaweveharhssk,w_jfdgfgapyrupel group by rwfddkj from tempdf"
8,pie chart of gwbzzcfnzkxccxrt_mtf column of df grouped by chiae column
8,piechart of cozzavg_cady column in mydf grouped by sbvbjgigcp column
2,load train.json in tempdf
16,list all files in current directory
3,print mydf head
5,get correlation matrix of df
13,line plot of eyy and jhmqvqbg in df
1,import all libraries
7,plot jbikisjcvbuhvmdji and dhep_totjhjfcqzofqw columns of mydf in a bar plot
8,pie chart of fjlgjnhkmurmqlxl column of df grouped by txgfuhepv_vqjamnbx column
3,print 68 rows from mydf
6,print shape of df
0,import numpy
2,load data.xls in zzz
6,print shape of mydf
6,get size of tempdf
8,pie chart of column hlyqimphfupljtcrpii in tempdf grouped by column ldcpigafz_kqdtgucqvb
9,install numpy
8,piechart of apyftsowqcyaazb in mydf grouped by dwpazfoypmqcugvqa
8,pie chart of ivdpbcpmkqxh_abkiwfm column of df grouped by brturxsuer column
2,load train.csv in df
7,bar plot qjyx and ezkzgbnzqndpnrjlvyq in zzz
13,display a line plot of rxzbmsvewxltmqw versus h_sdqeztxhqnayekk in mydf
0,import pandas
15,display a heatmap of gfstdkkjs_zl on y axis and fheyb_yl on x axis in mydf
13,display a line plot showing fbijrmodf_p on y-axis and igii_ee on x-axis from df
12,"minimum, minimum j_aaxvdroczirsckuntus,mpmas, uognrgyluoukuxzg,hbag group by sdaji,hnpb from zzz"
8,piechart of bbseusyxkuswow in zzz grouped by htbhnqpvxlwrsvua
12,"find mean, max of qnf_y,osxacsrkountkedy, ekradzpzqmasbnvoy group by cdymoqhlwvhn from mydf"
12,"find minimum of xzztzxibsdneewtndhnu, vscyjlnueeiagsh,xer_bvh,bxs group by xjnyrbtkvgi,ebvrwihohvwbeshzja from mydf"
3,print 10 rows of df
3,show 45 rows from df
12,"group df by tfa,k_wzievzj, haoiwwaisjs and get mean,max, maximum,maximum,count of olmnfjxpzhypvrqtma"
15,show a heatmap with dsd on x axis and czxfpwqhiwkv on y axis in df
3,print 77 rows of tempdf
1,import all libraries
15,display a heatmap of fchlpnyxuuc on y axis and hrjdigerishidobmiiv on x axis in tempdf
5,get correlation matrix of zzz
15,heatmap of ithqdiuwqre_laxtidt and mhx in df
6,print mydf shape
8,pie chart of ytatlwd column of mydf grouped by mf_ebkkfsjlmoj column
14,show a scatter plot of oxnhubv_vxzlj over qjpo in zzz
8,pie chart of column olyznjwgi in zzz grouped by column mkocc
8,pie chart of rd_kdvbtewzhkatjnaa of df coloured by kiyezoapdnugr_z
7,plot wcsyq onp of df in a bar plot
7,bar plot zjzqcxiayfqmqg and ymfgd_ukalvxusavb column of mydf
14,scatter plot of qsqqkeuh and myodjfaziamzymzav in tempdf
7,show a bar plot with uwbk on x axis over foeqg in df
3,print tempdf head
12,"group mydf by v_hdgnzzlwnozllpjmb and get avg,sum, sum, max of lrxnbxgnaswqw_dx"
13,display a line plot showing nzgdnnxfcvd on y-axis and nuuxnsjvvxwuvboy on x-axis from mydf
7,bar plot nlolpmmba and hrfjionmiythfkjwnsji in df
3,show 49 rows from zzz
4,plot histogram of ucfistdjuoulgt in df
13,display a line plot showing hglrrgjc vs qcqgtwmxnwpvxbbj in tempdf
12,"sum,max tdqgcywhszjxcneodogj group by xiubg_aqsaxcbs from tempdf"
15,show a heatmap with mbxosgoxgfgtx_rnvhmft on x axis and wuyedgmdvxl on y axis in mydf
7,barplot iylpdwyli and xnujavxnaqnpnqv columns of zzz
6,print df shape
15,display a heatmap of uuibmpmsh on y axis and bjkixe_rrvfldkrnw on x axis in mydf
7,bar plot hhsdofzbepln and eizeocwejdryjbnpl column of tempdf
12,"find maximum, mean of zbedlenam_zeu, qmloeigavhetyfle group by orxc from tempdf"
0,import spacy
8,pie chart of zatvxnjglilievi of zzz coloured by zncqkwhk
12,"find count of fnjhm,kfhpeqkvyukg group by hvdetkhsvr from mydf"
8,piechart of jeuptaiqfjz in zzz grouped by zonarisayzeypczdz
15,show a heatmap with cpvihbtci on x axis and jeenffhzaunqb on y axis in zzz
3,print 68 rows from zzz
7,bar plot abglezvdbiljqbmcoh and agtjdangg in tempdf
15,show a heatmap with zzmjqiwrzvdvfpxsa on x axis and crkdqpvayjftiac on y axis in mydf
15,show a heatmap with fsnmqcfzq_yfzhdq on x axis and scdscyhcajrmtajk on y axis in mydf
12,"find max,minimum, average, sum of ll_ifeium,tgbfgokzw, kjkbaisbl_yj, fgkbeaa_tyysrxyn group by luxovvvnnuy, ercsmzdtapy, qdbpmwdoxjary,ogfouacxpphi,zgkjp from df"
5,get correlation matrix of tempdf
3,show 48 rows of mydf
4,get histogram of hizmrcqyucdcotn in mydf
10,list columns of mydf
5,get correlation matrix of df
4,plot histogram of cvbrc_vccvdfm column in mydf
7,show a bar plot with qulqacnvxficwvlypm on x axis over agrjjatpbaksa_wwtbxuk in tempdf
6,get size of mydf
8,pie chart of cuabcblja of tempdf coloured by noy_d
13,line plot of egl_rl and ypuvonhsh in df
15,heatmap of dkjk and f_xsk in mydf
12,"group the tempdf by qxcgtincmkx and get sum, average of xplqyka"
8,piechart of tu_dd column in zzz grouped by ekaa column
2,load test.csv in zzz
10,list all columns of zzz
7,show a bar plot with oh_lqsvlciilzas on y axis and utpbt on x axis
14,scatter plot of pwt_qcfas and affkcvxydlmvra in tempdf
1,import all libraries
12,avg k_woie group by opnknuaeaeibord from df
13,display a line plot showing vvvwfrremvjcblbx on y-axis and hjosqebnuttkcu on x-axis from mydf
4,plot histogram of cfkpmllhxu in tempdf
13,display a line plot of hmcdqmjkeorhgwb versus egqwocynxltzwdnlefzi in tempdf
8,piechart of xmwtndphpxgeehuxybc column in mydf grouped by atmembquwbhflq column
7,plot iludzxeoefpn and ugkctfmtbkrwiemrn columns of tempdf in a bar plot
7,show a bar plot with fokvzkdzbfbipccmid on x axis and deamcvoq on y axis in df
0,import pandas
12,"zzz group by fuharhkj, svixji_s avg, min by ptfx_g, nn_bythfxzbe, caq_czlq"
3,show 62 rows of mydf
15,display a heatmap of ckhuxooggzcpm on y axis and swhimhesyeing on x axis in tempdf
2,load train.json in zzz
13,display a line plot of uuiqucqwxiwh versus rngi in zzz
3,print 31 rows from df
12,"count ii_avbrrhzuljybgtuzen,dycgkxtbxuimpbpytn,pvkzhahwq_otp group by xrfgqctnklm from df"
15,display a heatmap of wwjcmgtmezbqc on y axis and sqqmgamsvybkv on x axis in mydf
12,"tempdf group by ecll,oaivudrjwunny,qrjypszzo maximum, average by b_wdjmp, ykidfiqngcubevrcnqfp"
17,switch to dark theme
9,install matplotlib
0,import spacy
14,scatter plot of vemgkwjrfkjazc and fzjcvplh in df
7,bar plot sckqtrxbxdbiedpyvqk and wlwzfujpjzxtxaahhaq_j in tempdf
8,pie chart of gpcctohafwolhb column of zzz grouped by wcuavjhlitk column
8,piechart of hntuodj in mydf grouped by pshajtozi
12,"group df by xxfmw,fxmipkddp_kxez and get average,sum of unqunqxqhfrsivcb,iyhjdbxutz"
14,scatter plot of wqxgeakojxaf and tkhihte in zzz
4,plot histogram of rxhvbnsxrxztxii in mydf
8,pie chart of cuwboasxykc_tv column of df grouped by utrpwbzpz column
7,bar plot lsfahtstrfcz_h and ywtcvyhocdhrec column of zzz
7,bar plot ecdvdka_zess and eeoktpmlywdyjbbmnew column of zzz
7,bar plot kqzzefqvvnxousax and mfulotbcfznlefuw in mydf
2,load data.xls in mydf
3,print df head
3,show 55 rows of df
13,line plot of cgbzpjktxv and hxyahturdoduxmsvtmv in df
7,bar plot gh_h and wowrkaoiobhp column of mydf
10,list all columns of tempdf
7,bar plot lmzhj_iayxg and ivieee_f column of mydf
12,"df group by dy_avdohrfbeddxd, ijkd mean by mhtnojhzapgpfjgsxaqm,rleavjvs,zxepsgbvyaupqqyvdp,efywstnedkgxaalgkfn,mqse_iepzlzwkc"
1,import all libraries
14,scatter plot of yo_n and wfe_oqibs in zzz
16,list all files in current directory
4,draw histogram of oucgqvwbdwweigjo column in df
4,get histogram of sxjvsbddo in tempdf
12,"minimum lcvhpwipb group by ascohutpmpngjcbhi, bmaqnkmucmutjvzwh from zzz"
7,show a bar plot with xwkzhutxfspuik on y axis and voiupu on x axis
6,print mydf shape
12,"group the zzz by l_uhnasahhg, bikdppnjjbwbqgkgink, bsmod_xid and get count,maximum, min, min of degggyxkrugoc, hjestxhjakphnkxehr, upcxov,ifmhe_hef"
6,print df shape
15,display a heatmap of gnkygpsctjaturk on y axis and cmjhyuvykrhsgnmhjj on x axis in zzz
15,show a heatmap with dtqwofyzmhcxkzk on x axis and xjfmhkeebsl on y axis in mydf
8,piechart of kxvvra in mydf grouped by wrq_tgwlxlc
13,line plot of yrvvibovdbspk and hvvpanyjstaro in df
8,pie chart of dxcoqyyke of tempdf coloured by srapptdrdkdyfcv_gisey
14,scatter plot of q_uhx and zrgbbix in zzz
11,describe zzz
15,show a heatmap with s_fh on x axis and zyeupepvrvorgtxayo on y axis in mydf
7,show a bar plot with caevkiknnnag on x axis and u_lvhvvyhgzzljhgj on y axis in mydf
10,list all columns of zzz
7,show a bar plot with kpwwa_ndz on x axis and eyqbfxn on y axis in zzz
5,get correlation matrix of mydf
12,"mydf group by rkqbbjxzrpyw minimum,maximum by qcbbnyhylhjdv_uwg,gvnpiuvzbi"
8,piechart of lhepf_nxuuoinupw column in mydf grouped by vesxfuglzmwitjv column
11,describe tempdf
7,show a bar plot with iykopniodlglzhnu on x axis and srapmb on y axis in tempdf
8,piechart of uzycssyhhfydr in tempdf grouped by btawefvw
10,list columns of df
15,heatmap of kulvspjvacqkf and hikesfu_ohbu in tempdf
13,line plot of llaokzcsrondkuzqlk and pbrolvcxsxl in zzz
7,plot nxvvbjon and errco columns of mydf in a bar plot
3,show 95 rows from df
16,list all files in current directory
2,load data.csv
12,"find min of fumavjpxoloz,ypde_fgshacjw,dwdflufctfyezzh_r group by kdvbqspzhf from df"
5,get correlation matrix of zzz
13,display a line plot showing cnxlgbhynicp vs g_qeu in mydf
12,"group mydf by farl and get minimum, max of pykinbdvoyjgv_k, anf_bj"
10,list all columns of mydf
3,show 27 rows from mydf
3,print 81 rows from tempdf
14,scatter plot of thpuwkxnzcdalles and eso in tempdf
